{
  "trainers": [
    "c31ff4f3-5a2f-4231-88be-8971f0e4b5c6",
    "255c4b39-3815-4a34-af0b-a26ff25c31e7",
    "e2ab349d-f8c5-43a1-9ac0-cfe02f761f3e"
  ],
  "originalDim": "minecraft:overworld",
  "adjustX": 0.0,
  "originalPos": [
    58.56032602511119,
    63.0,
    2282.2591398306804
  ],
  "highestLevelBeaten": 24
}