{
  "trainers": [
    "85522c92-3c0c-4eec-b937-a0fe489095ff",
    "36da4972-1d7d-4c0f-8151-e62842a0d84d",
    "6a930455-85d0-48c0-a58d-40a7c18d78ac"
  ],
  "originalDim": "minecraft:overworld",
  "adjustX": 0.0,
  "originalPos": [
    156.46514763840324,
    68.0,
    1065.633994842155
  ],
  "highestLevelBeaten": 19
}