{
  "trainers": [
    "3c1bdeb9-ee79-4d3e-97bb-80df8b5293ff",
    "5227f35b-0df8-4564-90b5-1239d48a818b",
    "bc11a5de-5f59-4489-8e67-62e8cd8e0c74"
  ],
  "originalDim": "minecraft:overworld",
  "adjustX": 128.0,
  "originalPos": [
    -329.3550374454501,
    63.0,
    329.29541701136117
  ],
  "highestLevelBeaten": 20.0
}