{
  "trainers": [
    "003d7301-fadf-4c07-8e5e-d37cae119a32",
    "a8eb15f1-21b7-4384-bfda-575ac7a49942",
    "2e567987-5dae-470f-9ceb-ddd708d5c3b4"
  ],
  "originalDim": "minecraft:overworld",
  "adjustX": 128.0,
  "originalPos": [
    -327.93573790472044,
    63.0,
    329.04693285156145
  ],
  "highestLevelBeaten": 60
}