{
  "trainers": [
    "7b146621-dad2-43d2-894d-425a81e53b04",
    "958e9e0c-0dab-497e-b464-3afa038adaf0",
    "70503c03-e018-4896-89a9-21ea659226a7"
  ],
  "originalDim": "minecraft:overworld",
  "adjustX": 256.0,
  "originalPos": [
    -236.4119894074466,
    69.9375,
    186.0097719723231
  ],
  "highestLevelBeaten": 12.0
}